Type,Action,Date
GitHub,GitHub - add user to org,2025-06-30
GitHub,GitHub - add user to team/repo,2025-06-30
GitHub,GitHub - archive/unarchive repo,2025-06-30
GitHub,GitHub - archive/unarchive repo,2025-06-30
1Password,1Password - add user,2025-06-30
1Password,1Password - add vault,2025-06-30
1Password,1Password - add vault,2025-06-30
Pagerduty,Pagerduty,2025-06-30
Other,Tools Information/help,2025-06-30
,,
,,
,,
,,
,,
,,
,,
,,
,,
,,
,,
,,
,,
,,
,,
,,
,,
,,
,,
,,
,,